SYMBOL,OPEN,HIGH,LOW,PREV. CLOSE,LTP,INDICATIVE CLOSE,CHNG,%CHNG,VOLUME (shares),VALUE (₹ Crores),52W H,52W L,30 D   %CHNG,365 D % CHNG 06-Dec-2023
DELHIVERY,331.6,359.8,331.6,333.3,354.05,-,20.75,6.23,"97,06,199",341.47,488,325.5,-5.82,-12.97
VEDL,475,505.55,472.8,472.5,501.4,-,28.9,6.12,"2,58,27,648","1,280.20",523.65,240.8,0.57,89.42
POLICYBZR,"2,025.00","2,150.00","2,013.90","2,017.40","2,125.00",-,107.6,5.33,"34,33,089",725.11,"2,150.00",725.25,22.87,139.13
JUBLFOOD,662.05,697.15,659.15,662.05,695,-,32.95,4.98,"43,27,937",295.9,715.45,421.05,11.84,19.11
IRFC,150.84,159.64,150.55,150.84,158.08,-,7.24,4.8,"6,23,23,577",976.55,229,74.6,-0.4,99
RVNL,443,468,441,443.25,464.5,-,21.25,4.79,"1,16,69,884",533.38,647,165.6,-1.7,159.44
BSE,"5,281.45","5,445.00","5,246.60","5,194.90","5,379.00",-,184.1,3.54,"62,97,523","3,374.42","5,445.00","1,941.05",12.86,108.96
SJVN,117.6,122.8,116.71,117.05,120.98,-,3.93,3.36,"2,00,24,908",241.7,170.5,81.05,3.07,38.6
TATAMOTORS,793,818.85,785.3,792.55,818,-,25.45,3.21,"1,97,16,910","1,582.40","1,179.00",696.25,-5.16,9.7
NHPC,82.4,86.84,81.97,82.18,84.8,-,2.62,3.19,"7,11,49,439",606.9,118.4,58,2.49,36.51
INDIGO,"4,388.00","4,505.00","4,376.15","4,368.55","4,505.00",-,136.45,3.12,"5,46,985",242.26,"5,035.00","2,819.55",10.85,52.1
IRB,57.45,59.46,57.32,57.13,58.91,-,1.78,3.12,"2,36,76,714",139.01,78.15,36.85,10.76,53.37
VOLTAS,"1,669.90","1,717.85","1,663.00","1,667.90","1,714.00",-,46.1,2.76,"11,90,529",201.99,"1,944.90",833.1,-1.58,97.37
ESCORTS,"3,440.00","3,534.90","3,440.00","3,438.00","3,522.00",-,84,2.44,"2,64,216",92.45,"4,420.00","2,648.40",-7.23,6.6
BAJAJ-AUTO,"8,953.90","9,148.95","8,930.10","8,891.95","9,100.00",-,208.05,2.34,"7,46,013",677.88,"12,774.00","5,987.85",-9.95,46.49
RECLTD,545.6,562.5,544.55,545,557.5,-,12.5,2.29,"1,06,25,077",591.34,654,389.2,3.61,36.05
PAYTM,959.6,991.25,942,955.85,975.35,-,19.5,2.04,"1,12,24,773","1,088.01",991.25,310,25.04,17.56
EXIDEIND,454,465.8,452.4,453.45,462.5,-,9.05,2,"35,12,144",161.99,620.35,278.5,2.23,55.85
TATAPOWER,433.8,442.5,433.25,430.85,438.95,-,8.1,1.88,"1,73,72,298",760.75,494.85,280.2,-0.75,46.47
HINDZINC,500.6,515.4,499.45,500.6,509.8,-,9.2,1.84,"29,15,997",148.66,807.7,284.6,-10.55,53.72
IOC,140.65,143.54,140.3,139.44,142,-,2.56,1.84,"2,06,87,458",293.93,196.8,116.6,-0.97,16.88
MOTHERSON,169.99,174.57,166.53,167,170.05,-,3.05,1.83,"5,32,62,330",911.37,216.99,90.2,-9.32,77.94
SUNDARMFIN,"4,121.00","4,210.00","4,120.95","4,120.40","4,195.00",-,74.6,1.81,"4,37,744",181.91,"5,535.85","3,191.20",-16.25,21.53
CGPOWER,773.95,785.5,765.2,769.35,783.1,-,13.75,1.79,"24,35,865",189.09,874.7,414.3,9.15,69.55
NMDC,235.94,239.5,234.45,235.16,239.25,-,4.09,1.74,"77,50,240",184.11,286.35,179.9,0.18,27.6
ZYDUSLIFE,986,996.65,972,978,995,-,17,1.74,"7,49,783",74.11,"1,324.30",630.85,-1.06,53.91
YESBANK,21.19,21.58,21.09,21.17,21.53,-,0.36,1.7,"12,72,31,060",271.64,32.85,19.02,2.67,7.19
KALYANKJIL,720.65,750,716.95,720.65,732.6,-,11.95,1.66,"77,93,780",574.09,786.25,311.05,10.48,119.81
JSWENERGY,670,680,665.05,664.15,675.05,-,10.9,1.64,"32,94,934",221.7,804.9,397.65,1.43,51.29
HINDPETRO,393.85,402.25,392.05,391.8,398.2,-,6.4,1.63,"81,07,943",323.52,457.15,237.33,4.52,1.96
BANKBARODA,261.3,266.95,258,259.98,264,-,4.02,1.55,"1,86,07,200",490.6,299.7,208,0.81,24.07
AXISBANK,"1,167.50","1,193.85","1,160.00","1,166.40","1,183.90",-,17.5,1.5,"75,42,210",892.46,"1,339.65",995.7,-0.45,4.1
SHREECEM,"26,607.00","27,141.35","26,515.15","26,608.00","26,999.10",-,391.1,1.47,"40,294",108.62,"30,737.75","23,500.00",7.74,-4.28
VBL,631,645,626.2,633.5,642.7,-,9.2,1.45,"56,45,687",362.24,681.12,422.5,8.06,-40.99
JINDALSTEL,935,951.75,932.65,934.45,947.1,-,12.65,1.35,"11,79,083",111.39,"1,097.00",674.35,-0.17,36.05
OFSS,"12,440.90","12,849.95","12,440.90","12,440.90","12,606.85",-,165.95,1.33,"1,25,428",158.75,"12,849.95","4,038.80",13.74,202.61
HUDCO,244,249.9,241.26,243.85,247,-,3.15,1.29,"1,03,99,529",256.04,353.7,86.3,9.48,180.93
BPCL,297.9,303.9,296.4,297,300.8,-,3.8,1.28,"95,86,531",288.51,376,216.23,-3.56,-37.19
PERSISTENT,"6,090.00","6,188.95","6,065.00","6,101.75","6,178.00",-,76.25,1.25,"3,28,550",201.83,"6,188.95","1,572.33",12.57,-3.69
BIOCON,376.5,381.5,372.75,375.25,379.4,-,4.15,1.11,"22,46,090",85.06,395.8,236.9,18.86,56.09
DRREDDY,"1,246.00","1,255.15","1,236.35","1,239.85","1,253.55",-,13.7,1.1,"17,17,216",214.22,"1,421.49","1,074.00",-2.54,-78.36
MARUTI,"11,200.00","11,375.95","11,121.00","11,182.25","11,303.00",-,120.75,1.08,"4,17,214",469.72,"13,680.00","9,737.65",0.11,5.24
SBILIFE,"1,435.00","1,452.95","1,429.30","1,431.85","1,447.00",-,15.15,1.06,"13,59,753",196.28,"1,936.00","1,307.70",-12.33,-1.3
ZOMATO,300,303.9,296.25,299.35,302.45,-,3.1,1.04,"4,93,09,068","1,480.16",304.65,114.15,23.76,151.77
SAIL,122.47,125.12,122.07,122.47,123.73,-,1.26,1.03,"1,71,05,118",211.83,175.35,95.5,3.32,23.27
ASTRAL,"1,834.45","1,850.00","1,825.25","1,825.20","1,843.80",-,18.6,1.02,"2,33,858",43.07,"2,454.00","1,695.50",3.13,-7.18
PAGEIND,"46,100.00","46,599.95","45,915.00","45,946.05","46,400.00",-,453.95,0.99,"26,817",123.98,"48,393.70","33,070.05",5.93,25.08
CANBK,110,110.8,107.72,108.17,109.2,-,1.03,0.95,"5,99,64,689",656.07,128.9,82.69,4.34,-75.27
ITC,470,474.95,467.7,467.5,471.95,-,4.45,0.95,"75,51,407",356.71,528.5,399.35,-2.64,0.92
COFORGE,"8,770.00","8,920.00","8,755.55","8,817.80","8,901.00",-,83.2,0.94,"2,68,255",237.89,"8,920.00","4,287.25",16.85,54.65
EICHERMOT,"4,851.00","4,928.70","4,827.55","4,837.55","4,882.85",-,45.3,0.94,"3,27,806",160.03,"5,105.00","3,562.45",-1.27,19.53
TATACONSUM,970,976.4,964.1,966.45,975.5,-,9.05,0.94,"18,93,714",184.15,"1,256.44",900.5,-3.43,1.55
BHARTIHEXA,"1,409.95","1,435.95","1,402.10","1,408.95","1,422.00",-,13.05,0.93,"1,85,872",26.41,"1,568.00",755,-0.46,-
PNB,109.7,111.13,107.18,109.08,110.08,-,1,0.92,"5,18,61,042",569.33,142.9,84.5,4.17,27.65
ICICIGI,"1,940.00","1,957.80","1,930.60","1,932.70","1,948.20",-,15.5,0.8,"6,96,971",135.68,"2,301.90","1,353.50",0.87,33.69
UNIONBANK,128.3,130.9,126.78,127.8,128.8,-,1,0.78,"1,57,83,081",203.76,172.5,106.68,8.88,9.04
GAIL,208.87,213.4,208.51,208.87,210.5,-,1.63,0.78,"1,40,26,104",296.41,246.3,134.85,6.34,48.56
LT,"3,832.00","3,883.95","3,800.00","3,831.55","3,861.20",-,29.65,0.77,"18,56,562",715.98,"3,919.90","3,175.05",7.18,12.95
TITAN,"3,453.95","3,499.65","3,430.00","3,441.05","3,467.35",-,26.3,0.76,"12,78,516",443.85,"3,886.95","3,055.65",6.53,-2.98
DIXON,"17,379.00","17,505.00","17,225.00","17,298.55","17,430.00",-,131.45,0.76,"3,17,720",551.98,"17,530.00","5,782.85",20.11,189.26
ABB,"7,540.00","7,574.00","7,490.00","7,488.40","7,545.00",-,56.6,0.76,"2,28,818",172.61,"9,149.95","4,340.30",4.98,58.04
OBEROIRLTY,"2,146.90","2,157.45","2,117.00","2,130.20","2,146.00",-,15.8,0.74,"6,28,470",134.33,"2,192.00","1,268.15",6.58,45.94
NLCINDIA,264.4,270.6,263.1,264.35,266.3,-,1.95,0.74,"10,83,859",28.95,311.8,177.15,3.28,44.14
TATASTEEL,147.5,148.68,146.6,147.07,148.1,-,1.03,0.7,"3,06,04,899",451.54,184.6,127.85,-3.43,11.54
UPL,557.85,566.25,556,558.2,562,-,3.8,0.68,"29,70,258",166.91,600.96,430.58,-0.15,-5.16
DIVISLAB,"6,140.00","6,192.95","6,105.10","6,096.20","6,134.00",-,37.8,0.62,"7,04,328",431.92,"6,285.45","3,350.00",4.9,63.24
LICI,977.9,992.95,975.2,976.9,982.85,-,5.95,0.61,"13,30,397",131.03,"1,222.00",714,5.2,30.95
APLAPOLLO,"1,572.00","1,581.95","1,560.00","1,568.35","1,577.20",-,8.85,0.56,"3,16,023",49.75,"1,728.95","1,305.00",3.42,-1.77
INDHOTEL,821.6,831.8,817,820.1,824.65,-,4.55,0.55,"24,06,124",198.92,831.8,416.9,22.77,87.26
GMRINFRA,84.35,85.28,84.08,84.03,84.45,-,0.42,0.5,"79,02,560",66.88,103.75,58.75,7.1,36.97
IDEA,8.09,8.22,7.97,8.08,8.12,-,0.04,0.5,"42,71,43,967",346.84,19.18,6.61,-0.74,-37.12
COCHINSHIP,"1,682.00","1,702.00","1,650.50","1,682.30","1,690.00",-,7.7,0.46,"4,03,528",67.95,"2,979.45",587.05,12.43,-
JSWSTEEL,999.9,"1,008.00",994.65,999.2,"1,003.60",-,4.4,0.44,"12,18,982",122.19,"1,063.00",761.75,-0.03,21.16
DLF,852.9,858.4,843,850.25,853.65,-,3.4,0.4,"26,04,765",222.08,967.6,641.45,6.41,30.22
INDUSTOWER,368,373.25,363,363.55,364.9,-,1.35,0.37,"1,68,16,288",618.91,460.35,176.55,6.25,95.77
TVSMOTOR,"2,519.90","2,537.90","2,505.25","2,512.20","2,521.00",-,8.8,0.35,"3,28,425",82.86,"2,958.00","1,871.75",2.19,33.01
AUROPHARMA,"1,250.10","1,254.85","1,237.50","1,243.65","1,248.00",-,4.35,0.35,"5,72,093",71.32,"1,592.00",958.5,-10.97,22.33
MUTHOOTFIN,"1,932.95","1,965.40","1,930.10","1,937.55","1,944.20",-,6.65,0.34,"4,37,620",85.59,"2,078.75","1,261.90",1.26,35.28
TATAELXSI,"7,385.55","7,429.00","7,324.45","7,367.75","7,389.15",-,21.4,0.29,"1,69,740",125.32,"9,200.00","6,286.00",4.78,-12.85
LICHSGFIN,639.9,648.9,634.55,638.7,640.5,-,1.8,0.28,"10,71,453",68.89,826.75,498.7,1.04,26.44
MAZDOCK,"4,870.05","5,010.90","4,835.45","4,861.55","4,875.00",-,13.45,0.28,"27,85,303","1,372.12","5,860.00","1,795.40",15.81,129.9
POWERGRID,327.1,332.75,326.7,328.35,329.25,-,0.9,0.27,"88,02,058",290.55,366.25,222.5,3.71,46.32
OIL,476.6,477.8,473.3,473.75,474.65,-,0.9,0.19,"19,82,279",94.29,767.9,205.8,-4.41,48.09
PRESTIGE,"1,747.90","1,756.65","1,725.10","1,734.00","1,737.05",-,3.05,0.18,"3,13,886",54.63,"2,074.80",967.3,8.4,61.72
MRPL,154.3,157.26,154.19,154.74,155,-,0.26,0.17,"17,78,585",27.64,289.25,118.8,-5.55,23.4
MAXHEALTH,"1,098.55","1,101.80","1,082.00","1,096.90","1,098.70",-,1.8,0.16,"11,00,362",120.35,"1,118.00",630.9,5.01,67.13
NTPC,369.45,371.2,368.05,369.15,369.75,-,0.6,0.16,"97,36,086",360.12,448.45,278.95,-8.42,31.32
PFC,514.9,523.9,512,512.2,513,-,0.8,0.16,"1,04,42,708",540.15,580,351.7,10.99,35.29
IREDA,220.4,223.47,216.3,220.86,221.18,-,0.32,0.14,"1,19,33,173",262.23,310,61.5,7.86,244.29
TRENT,"7,050.00","7,140.00","6,930.05","6,970.10","6,980.00",-,9.9,0.14,"10,88,961",763.79,"8,345.00","2,800.20",0.03,143.04
LTIM,"6,346.00","6,398.85","6,330.95","6,347.15","6,356.10",-,8.95,0.14,"2,05,466",131.02,"6,574.95","4,513.55",10.97,12.54
LUPIN,"2,134.50","2,141.85","2,120.45","2,125.05","2,128.00",-,2.95,0.14,"6,26,159",133.49,"2,312.00","1,200.15",-2.6,70.89
ICICIPRULI,679,687.3,671.95,674.7,675.55,-,0.85,0.13,"11,83,302",80.13,796.8,463.45,-7.85,22.36
PIIND,"4,145.15","4,145.15","4,096.30","4,135.90","4,140.00",-,4.1,0.1,"1,42,896",58.99,"4,804.05","3,220.00",-8.86,7.09
CUMMINSIND,"3,474.00","3,497.85","3,455.55","3,456.70","3,460.00",-,3.3,0.1,"2,50,689",87.06,"4,171.90","1,835.55",-0.8,76.74
TATATECH,958.7,959.85,949.4,954.3,955,-,0.7,0.07,"7,01,971",66.96,"1,284.80",931,-5.71,-19.71
DABUR,525,525.85,520.25,523.15,523.5,-,0.35,0.07,"16,63,402",87.01,672,489.2,-2.19,-4.89
IGL,387,389.9,382.6,383.45,383.7,-,0.25,0.07,"80,67,105",311.36,570.35,306.1,-8.82,-4.3
LTF,148.41,149.23,146.59,148.41,148.5,-,0.09,0.06,"68,10,891",101.09,194.25,134.1,2.08,-
IOB,57.95,59.75,57.32,57.87,57.9,-,0.03,0.05,"1,92,78,886",112.49,83.75,40.75,6.97,35.69
MRF,"1,30,900.00","1,32,200.00","1,30,416.20","1,30,761.50","1,30,799.00",-,37.5,0.03,"7,588",99.59,"1,51,445.00","1,13,450.75",9.4,14.61
BOSCHLTD,"36,249.95","36,997.35","36,105.40","36,169.50","36,173.70",-,4.2,0.01,"35,941",131.62,"39,088.80","21,331.00",1.56,67.51
HDFCAMC,"4,384.85","4,407.00","4,347.90","4,357.00","4,357.50",-,0.5,0.01,"2,05,227",89.8,"4,864.00","2,962.55",1.47,45.62
KOTAKBANK,"1,773.90","1,785.05","1,761.00","1,775.15","1,775.25",-,0.1,0.01,"25,95,882",460.98,"1,942.00","1,543.85",1.02,-2.54
LODHA,"1,365.00","1,397.40","1,356.75","1,369.70","1,369.70",-,-,-,"11,45,369",157.03,"1,649.95",877.25,17.9,51.89
APOLLOTYRE,540.45,544.65,536.3,540.45,540.4,-,-0.05,-0.01,"10,32,518",55.91,584.9,419.25,12.02,16.87
NESTLEIND,"2,266.45","2,291.95","2,255.10","2,265.50","2,265.00",-,-0.5,-0.02,"6,45,601",146.3,"2,778.00","2,168.70",0.13,-90.93
MFSL,"1,168.10","1,177.35","1,155.75","1,168.10","1,167.70",-,-0.4,-0.03,"9,22,783",107.59,"1,306.45",854.25,-6.63,14.25
MPHASIS,"3,051.30","3,097.00","3,048.45","3,051.30","3,050.05",-,-1.25,-0.04,"3,03,227",92.98,"3,187.80","2,187.00",6.77,27.97
BRITANNIA,"4,872.00","4,906.70","4,840.00","4,872.00","4,870.00",-,-2,-0.04,"2,36,965",115.26,"6,469.90","4,641.00",-13.08,-2.62
M&M,"3,075.50","3,099.00","3,065.95","3,071.60","3,070.00",-,-1.6,-0.05,"26,88,767",828.75,"3,222.10","1,575.00",5.94,80.43
FACT,"1,030.00","1,044.85","1,022.00","1,027.30","1,026.65",-,-0.65,-0.06,"5,59,871",57.84,"1,187.00",572.6,20.2,26.34
BAJFINANCE,"6,875.95","6,935.00","6,778.65","6,850.40","6,846.00",-,-4.4,-0.06,"8,33,207",571.81,"7,830.00","6,187.80",-1.15,-7.76
SHRIRAMFIN,"3,127.00","3,148.25","3,093.60","3,126.30","3,124.00",-,-2.3,-0.07,"6,38,757",199.75,"3,652.25","1,972.00",-1.14,52.08
SUPREMEIND,"4,705.20","4,822.00","4,690.05","4,757.90","4,753.65",-,-4.25,-0.09,"4,68,988",222.49,"6,460.00","3,601.00",9.07,3.91
IDFCFIRSTB,66.08,66.4,65.55,65.96,65.9,-,-0.06,-0.09,"1,80,03,859",118.74,92.45,59.3,-0.53,-27.04
TECHM,"1,797.00","1,797.00","1,775.60","1,786.95","1,785.00",-,-1.95,-0.11,"11,80,840",210.5,"1,797.00","1,162.95",9.45,45.85
HEROMOTOCO,"4,656.95","4,720.00","4,615.00","4,644.35","4,639.00",-,-5.35,-0.12,"7,33,835",340.95,"6,246.25","3,683.00",-3.66,23.49
HINDALCO,673.45,676.5,667.25,670.85,670,-,-0.85,-0.13,"27,23,680",182.91,772.65,496.35,-3.83,28.27
COALINDIA,420,421.5,416.4,418.4,417.85,-,-0.55,-0.13,"42,52,732",178.13,543.55,342.3,-3.79,18.81
SIEMENS,"7,800.00","7,898.00","7,752.10","7,792.45","7,782.00",-,-10.45,-0.13,"2,35,738",184.47,"8,129.90","3,785.05",12,102.3
ASHOKLEY,232.7,234.2,230.4,232.59,232.24,-,-0.35,-0.15,"40,28,844",93.66,264.65,157.55,9.8,31.63
GRASIM,"2,714.90","2,720.00","2,693.35","2,706.80","2,702.30",-,-4.5,-0.17,"3,42,192",92.58,"2,877.75","2,016.55",2.11,31.54
SOLARINDS,"10,855.00","10,865.10","10,710.00","10,826.50","10,808.00",-,-18.5,-0.17,"47,593",51.35,"13,298.00","5,999.45",8.08,72.56
HAL,"4,584.40","4,611.10","4,550.00","4,568.85","4,559.00",-,-9.85,-0.22,"9,12,032",417.33,"5,674.75","2,556.55",7.2,68.31
ABFRL,308.8,309,302.7,307.45,306.75,-,-0.7,-0.23,"43,93,562",134.41,364.4,198.75,1.7,29.37
POLYCAB,"7,362.40","7,362.40","7,281.95","7,341.60","7,324.00",-,-17.6,-0.24,"1,06,871",78.17,"7,605.00","3,801.00",10.69,38.03
BEL,314.5,315.85,313.1,314.5,313.7,-,-0.8,-0.25,"83,59,798",262.61,340.5,151.85,9.83,101.41
ABCAPITAL,200,201.15,197.6,199.2,198.65,-,-0.55,-0.28,"24,97,482",49.81,246.9,155,-1.38,15.11
MARICO,633.3,639.4,631,633.25,631.45,-,-1.8,-0.28,"9,42,056",59.78,719.85,486.3,-0.12,17.38
SBIN,865.25,875.45,857,865.45,862.95,-,-2.5,-0.29,"1,45,20,568","1,258.51",912,600.65,1.91,42.24
JSWINFRA,328.7,329.7,322.65,327.75,326.75,-,-1,-0.31,"21,43,137",69.93,360.95,202,5.61,37.16
CONCOR,851,851.75,841.85,847.15,844.15,-,-3,-0.35,"5,99,505",50.71,"1,180.00",757.25,1.23,6.04
BDL,"1,222.00","1,237.00","1,202.00","1,222.70","1,218.00",-,-4.7,-0.38,"5,62,163",68.62,"1,794.70",613.45,18.45,-4.88
HINDUNILVR,"2,495.00","2,495.80","2,475.00","2,494.60","2,485.00",-,-9.6,-0.38,"13,08,086",324.75,"3,035.00","2,172.05",-1.06,-2.85
NYKAA,168,168.7,163.8,167.43,166.75,-,-0.68,-0.41,"1,64,85,830",272.4,229.8,139.8,-8.7,-3.42
NAUKRI,"8,584.00","8,584.00","8,437.70","8,521.55","8,485.05",-,-36.5,-0.43,"2,10,018",178.58,"8,656.30","4,670.00",11.53,79.1
HCLTECH,"1,926.00","1,939.35","1,915.30","1,924.00","1,915.55",-,-8.45,-0.44,"22,50,408",432.86,"1,939.35","1,235.00",8.48,44.71
ONGC,260.8,263,259.55,261.3,260.15,-,-1.15,-0.44,"87,83,386",229.27,345,192.05,-2.28,29.39
TCS,"4,453.00","4,465.00","4,412.75","4,464.05","4,444.15",-,-19.9,-0.45,"18,42,087",817.75,"4,592.25","3,525.15",12.41,23.86
ACC,"2,270.00","2,278.95","2,253.45","2,267.35","2,257.05",-,-10.3,-0.45,"1,39,487",31.6,"2,844.00","1,868.20",-2.24,6.54
ADANIPOWER,540,546.1,534,537.45,535,-,-2.45,-0.46,"39,99,281",215.39,895.85,432,-10.94,-4.1
FEDERALBNK,215,215.2,211.26,214.97,213.95,-,-1.02,-0.47,"94,36,594",201.25,217,139.4,5.24,38.56
BANKINDIA,118.5,120.5,116.57,118.32,117.7,-,-0.62,-0.52,"1,23,10,232",146.07,157.95,96,7.2,1.43
BANDHANBNK,177.68,178.3,173.97,177.44,176.5,-,-0.94,-0.53,"76,29,959",134.5,263.1,162.8,-2.11,-25.27
HDFCBANK,"1,857.00","1,864.20","1,844.00","1,865.75","1,855.45",-,-10.3,-0.55,"88,91,578","1,650.93","1,879.95","1,363.55",6.14,14.62
SUNPHARMA,"1,815.85","1,823.95","1,801.00","1,813.45","1,803.35",-,-10.1,-0.56,"15,90,478",288.01,"1,960.35","1,208.55",0.55,46.2
IDBI,86,86.97,84.65,85.54,85.06,-,-0.48,-0.56,"73,63,543",63.08,107.9,63.4,3.25,33.45
ICICIBANK,"1,342.50","1,347.10","1,326.70","1,336.50","1,329.00",-,-7.5,-0.56,"89,42,672","1,193.51","1,362.35",970.15,3.07,33.22
BAJAJHLDNG,"10,700.00","10,766.00","10,601.00","10,742.95","10,680.00",-,-62.95,-0.59,"22,898",24.49,"11,350.00","7,620.00",1.35,36.35
HAVELLS,"1,750.55","1,772.00","1,735.70","1,746.70","1,736.00",-,-10.7,-0.61,"6,98,889",122.11,"2,106.00","1,280.00",6.93,31.88
ULTRACEMCO,"11,939.00","11,956.35","11,818.00","11,932.80","11,857.90",-,-74.9,-0.63,"1,93,324",229.28,"12,138.00","9,129.55",6.77,29.52
APOLLOHOSP,"7,263.00","7,310.05","7,207.75","7,274.75","7,228.85",-,-45.9,-0.63,"1,89,048",137,"7,545.00","5,284.85",4.43,31.24
WIPRO,299.15,299.15,296.2,299.3,297.4,-,-1.9,-0.63,"78,94,350",234.86,300.9,202.98,-44.95,-28.53
ADANIENT,"2,520.00","2,535.00","2,502.50","2,522.55","2,504.90",-,-17.65,-0.7,"12,40,437",312.27,"3,743.90","2,025.00",-13.48,-12.53
TORNTPHARM,"3,368.85","3,375.90","3,302.00","3,361.50","3,337.35",-,-24.15,-0.72,"3,04,889",102.1,"3,590.70","2,025.70",5.57,61.61
PETRONET,337.95,341.65,334.65,337.85,335.4,-,-2.45,-0.73,"15,86,555",53.53,384.2,206.4,0.97,59.97
TATACOMM,"1,807.00","1,811.30","1,783.70","1,805.70","1,792.50",-,-13.2,-0.73,"1,83,784",33,"2,175.00","1,585.55",2.83,8.19
MAHABANK,58.6,59.39,57.13,58.33,57.9,-,-0.43,-0.74,"3,29,40,267",192.01,73.5,43.05,4.82,27.36
JIOFIN,343.05,343.05,338.5,341.5,338.9,-,-2.6,-0.76,"80,74,543",274.47,394.7,229,6.09,38.23
SBICARD,725,725.75,716.4,724.4,718.7,-,-5.7,-0.79,"3,85,221",27.78,817.4,647.95,4.24,-3.17
RELIANCE,"1,323.90","1,323.90","1,310.00","1,322.05","1,311.60",-,-10.45,-0.79,"90,37,514","1,187.96","1,608.80","1,203.15",1.28,-46.28
BAJAJFINSV,"1,640.00","1,649.95","1,625.05","1,644.10","1,630.95",-,-13.15,-0.8,"10,49,225",171.91,"2,029.90","1,419.05",-5.27,-3.31
IRCTC,836.85,843.9,829.2,836.85,830,-,-6.85,-0.82,"13,12,492",109.6,"1,138.90",716.6,0.93,13.01
INFY,"1,932.80","1,937.95","1,912.40","1,934.85","1,919.00",-,-15.85,-0.82,"35,73,331",686.63,"1,991.45","1,358.35",10.3,31.24
KPITTECH,"1,499.90","1,503.75","1,474.50","1,493.10","1,480.35",-,-12.75,-0.85,"14,81,294",220.09,"1,928.70","1,283.25",7.42,2.11
UNITDSPR,"1,537.75","1,537.75","1,513.05","1,530.10","1,516.85",-,-13.25,-0.87,"3,23,615",49.28,"1,647.50","1,032.75",5.79,-
PIDILITIND,"3,182.00","3,196.20","3,148.55","3,191.95","3,164.25",-,-27.7,-0.87,"1,72,670",54.66,"3,415.00","2,488.10",2.82,23.9
SONACOMS,678.4,678.4,667.1,675,669.1,-,-5.9,-0.87,"6,59,081",44.24,768.65,531.6,-2.02,17.93
AMBUJACEM,571.7,573.55,564.5,571.1,566.05,-,-5.05,-0.88,"8,55,417",48.54,706.95,453.05,-0.16,13.97
GODREJPROP,"2,864.00","2,870.00","2,792.50","2,860.65","2,834.90",-,-25.75,-0.9,"12,16,370",344.97,"3,402.70","1,864.20",0.97,47.71
ASIANPAINT,"2,468.00","2,468.00","2,427.00","2,452.20","2,428.80",-,-23.4,-0.95,"17,36,042",422.93,"3,422.95","2,422.95",-15.07,-24.61
PATANJALI,"1,872.00","1,921.00","1,832.00","1,868.85","1,851.00",-,-17.85,-0.96,"16,38,658",309.25,"1,992.20","1,169.95",0.7,18.51
TORNTPOWER,"1,673.60","1,704.00","1,635.30","1,664.25","1,648.05",-,-16.2,-0.97,"10,72,709",178.65,"2,037.00",869,-2.67,76.61
SRF,"2,319.95","2,336.00","2,286.40","2,319.75","2,297.10",-,-22.65,-0.98,"2,03,158",46.7,"2,693.95","2,089.10",0.9,-5.4
INDUSINDBK,"1,000.00","1,003.05",986.3,998.2,988.35,-,-9.85,-0.99,"62,58,019",621.91,"1,694.50",966.4,-8.43,-33.52
INDIANB,600,608,587.75,599.35,593.3,-,-6.05,-1.01,"20,37,375",121.7,632.7,391,3.97,42.99
CHOLAFIN,"1,298.65","1,298.65","1,267.75","1,291.45","1,278.35",-,-13.1,-1.01,"9,52,010",121.57,"1,652.00","1,011.20",0.66,11.89
COLPAL,"2,914.50","2,927.55","2,873.80","2,914.00","2,884.20",-,-29.8,-1.02,"2,76,158",79.93,"3,890.00","2,266.60",-2.27,25.01
HDFCLIFE,645,647.45,635.2,643.15,636.2,-,-6.95,-1.08,"64,55,327",411.83,761.2,511.4,-10.33,-5.05
BHARTIARTL,"1,618.00","1,624.65","1,594.80","1,615.35","1,597.75",-,-17.6,-1.09,"42,96,866",689.9,"1,779.00",960,2.34,57.68
BALKRISIND,"2,839.10","2,845.85","2,801.00","2,839.10","2,808.00",-,-31.1,-1.1,"1,24,949",35.21,"3,375.00","2,193.80",1.66,9.93
BHEL,251.9,252.85,248.25,251.8,248.95,-,-2.85,-1.13,"77,62,375",193.99,335.35,165.8,7.04,41.1
GODREJCP,"1,251.00","1,255.00","1,230.60","1,244.75","1,230.65",-,-14.1,-1.13,"8,42,156",104.58,"1,541.85","1,015.70",-1.7,19.84
POONAWALLA,359,362.75,352,358.45,354,-,-4.45,-1.24,"16,88,591",60.07,519.7,270.05,-3.08,-12.74
MANKIND,"2,626.85","2,626.85","2,570.55","2,615.50","2,582.00",-,-33.5,-1.28,"2,74,887",71.28,"2,874.00","1,821.00",-3.64,34.14
SUZLON,68,68.39,67.28,68.26,67.32,-,-0.94,-1.38,"3,85,28,682",260.72,86.04,33.9,1.32,-
CIPLA,"1,513.25","1,513.25","1,476.00","1,498.25","1,477.00",-,-21.25,-1.42,"37,68,932",558.05,"1,702.05","1,192.10",-6.43,24.32
DMART,"3,889.00","3,920.45","3,784.05","3,863.95","3,806.00",-,-57.95,-1.5,"11,41,350",437.51,"5,484.85","3,564.00",-1.59,-6.6
ADANIPORTS,"1,279.00","1,282.50","1,256.10","1,277.05","1,257.80",-,-19.25,-1.51,"22,32,531",282.96,"1,621.40",989.25,-3.93,25.45
AUBANK,602,602,585.55,597.75,588,-,-9.75,-1.63,"27,44,809",162.4,813.4,553.7,-2.61,-20.03
ADANIGREEN,"1,236.05","1,266.85","1,205.15","1,229.60","1,209.50",-,-20.1,-1.63,"38,15,815",469.22,"2,174.10",870.25,-25.22,-21.35
TATACHEM,"1,128.00","1,141.60","1,117.00","1,136.70","1,117.10",-,-19.6,-1.72,"4,43,419",49.95,"1,349.00",933,0.61,12.33
TIINDIA,"3,767.00","3,767.00","3,670.35","3,755.05","3,685.90",-,-69.15,-1.84,"2,21,982",81.98,"4,810.80","3,272.80",-10.24,12.62
ADANIENSOL,826,830,805.3,822.8,807.5,-,-15.3,-1.86,"17,63,438",144.14,"1,348.00",588,-18.94,-29.33
BHARATFORG,"1,383.00","1,385.00","1,351.30","1,379.20","1,353.00",-,-26.2,-1.9,"6,37,711",87.09,"1,804.50","1,063.00",-5.59,17.97
ATGL,744.8,751.45,728,743.95,729,-,-14.95,-2.01,"12,60,840",92.97,"1,259.40",545.75,3.03,-29.37
ALKEM,"5,631.00","5,649.85","5,493.05","5,643.95","5,519.00",-,-124.95,-2.21,"2,02,595",112.16,"6,439.90","4,407.05",-0.47,19.43
PHOENIXLTD,"1,800.05","1,800.05","1,745.10","1,805.00","1,765.00",-,-40,-2.22,"4,14,738",73.14,"2,068.50","1,071.00",20.27,-19.69
M&MFIN,286.95,287.9,277.7,286.25,278.5,-,-7.75,-2.71,"26,96,963",75.42,343,246.2,3.38,5.01
